{
  "project_info": {
    "project_number": "450574230733",
    "project_id": "tazagosht-5b851",
    "storage_bucket": "tazagosht-5b851.appspot.com"
  },
  "client": [
    {
      "client_info": {
        "mobilesdk_app_id": "1:450574230733:android:26e357f36bd95571dff584",
        "android_client_info": {
          "package_name": "com.example.tazaghost"
        }
      },
      "oauth_client": [
        {
          "client_id": "450574230733-0q2agni4d5fnomfq7vvv0o5odai2homk.apps.googleusercontent.com",
          "client_type": 1,
          "android_info": {
            "package_name": "com.example.tazaghost",
            "certificate_hash": "842412d6bf688b785cf6d0b631b9449ce8eb7420"
          }
        },
        {
          "client_id": "450574230733-k08s8oi4uodn0qcfmlk4qenqbl50ef4l.apps.googleusercontent.com",
          "client_type": 3
        }
      ],
      "api_key": [
        {
          "current_key": "AIzaSyCXd9khrNiWbz23liYL-XoIMno9KqqS0sE"
        }
      ],
      "services": {
        "appinvite_service": {
          "other_platform_oauth_client": [
            {
              "client_id": "450574230733-k08s8oi4uodn0qcfmlk4qenqbl50ef4l.apps.googleusercontent.com",
              "client_type": 3
            }
          ]
        }
      }
    }
  ],
  "configuration_version": "1"
}